Date,Open,High,Low,Close,Adj Close,Volume
2020-09-24,36.0,36.0,34.0,34.0,33.74284362792969,743500
2020-09-25,34.0,34.0,34.0,34.0,33.74284362792969,0
2020-09-28,35.0,35.0,33.0,33.0,32.75040817260742,150500
2020-09-29,30.5,30.5,30.5,30.5,30.269317626953125,220200
2020-09-30,30.75,31.0,30.75,31.0,30.765535354614258,21900
2020-10-01,34.0,34.0,34.0,34.0,33.74284362792969,43600
2020-10-02,35.0,35.0,35.0,35.0,34.73527526855469,63600
2020-10-05,34.459999084472656,34.72999954223633,33.720001220703125,34.25,33.9909553527832,1172100
2020-10-06,37.95000076293945,39.0,34.5,35.0,34.73527526855469,42400
2020-10-07,35.5,35.5,34.25,34.25,33.9909553527832,26000
2020-10-08,34.57500076293945,34.57500076293945,33.0,33.5,33.24662399291992,193000
2020-10-09,32.5,32.900001525878906,28.100000381469727,28.280000686645508,28.06610870361328,19985300
2020-10-12,28.270000457763672,29.0,27.6200008392334,27.850000381469727,27.639360427856445,6532300
2020-10-13,28.290000915527344,28.420000076293945,26.36400032043457,26.760000228881836,26.55760383605957,4937300
2020-10-14,26.799999237060547,28.200000762939453,26.43000030517578,28.010000228881836,27.79815101623535,7992200
2020-10-15,27.34000015258789,28.110000610351562,26.510000228881836,27.75,27.540115356445312,7194600
2020-10-16,28.110000610351562,28.950000762939453,27.6299991607666,28.260000228881836,28.0462589263916,11035000
2020-10-19,28.299999237060547,28.559999465942383,27.760000228881836,28.25,28.036334991455078,4852700
2020-10-20,28.299999237060547,28.8799991607666,28.100000381469727,28.440000534057617,28.224899291992188,4868800
2020-10-21,28.3700008392334,29.0,28.049999237060547,28.549999237060547,28.334068298339844,3869000
2020-10-22,28.68000030517578,29.90999984741211,28.649999618530273,29.860000610351562,29.634157180786133,5510900
2020-10-23,29.600000381469727,30.489999771118164,29.510000228881836,30.290000915527344,30.0609073638916,5701900
2020-10-26,30.260000228881836,30.309999465942383,29.25,29.489999771118164,29.26695442199707,4594200
2020-10-27,29.5,29.530000686645508,28.260000228881836,28.65999984741211,28.443233489990234,3144100
2020-10-28,28.15999984741211,29.229999542236328,27.950000762939453,28.260000228881836,28.0462589263916,3398000
2020-10-29,29.1200008392334,29.479999542236328,28.139999389648438,28.280000686645508,28.06610870361328,3320600
2020-10-30,28.149999618530273,28.75,27.6299991607666,28.739999771118164,28.522626876831055,2948300
2020-11-02,28.90999984741211,29.959999084472656,28.829999923706055,29.959999084472656,29.733400344848633,2303300
2020-11-03,30.0,30.5,29.43000030517578,29.809999465942383,29.584535598754883,1518500
2020-11-04,29.600000381469727,30.229999542236328,29.209999084472656,29.5,29.276880264282227,2307500
2020-11-05,29.559999465942383,30.079999923706055,29.079999923706055,29.350000381469727,29.128015518188477,2331100
2020-11-06,29.040000915527344,29.389999389648438,28.100000381469727,28.940000534057617,28.721115112304688,2295200
2020-11-09,30.190000534057617,31.06999969482422,28.5,28.540000915527344,28.32414436340332,3059300
2020-11-10,28.5,29.100000381469727,28.149999618530273,28.260000228881836,28.0462589263916,3128500
2020-11-11,28.600000381469727,29.229999542236328,28.600000381469727,29.010000228881836,28.79058837890625,2961300
2020-11-12,29.309999465942383,29.450000762939453,28.100000381469727,28.540000915527344,28.32414436340332,2002600
2020-11-13,28.610000610351562,28.979999542236328,28.290000915527344,28.56999969482422,28.353910446166992,1764300
2020-11-16,28.75,29.299999237060547,28.5,29.110000610351562,28.88983154296875,1572300
2020-11-17,29.43000030517578,30.8799991607666,28.959999084472656,30.639999389648438,30.40825843811035,4329200
2020-11-18,30.670000076293945,32.22999954223633,30.25,31.190000534057617,30.9541015625,4008600
2020-11-19,30.950000762939453,31.389999389648438,30.139999389648438,30.719999313354492,30.487651824951172,1438300
2020-11-20,30.540000915527344,31.489999771118164,30.229999542236328,31.18000030517578,30.944175720214844,1956600
2020-11-23,31.15999984741211,32.0,30.799999237060547,31.799999237060547,31.559486389160156,1623000
2020-11-24,32.22999954223633,32.959999084472656,31.969999313354492,32.7599983215332,32.51222610473633,1857700
2020-11-25,32.54999923706055,33.83000183105469,32.5,33.65999984741211,33.40541458129883,3303400
2020-11-27,33.540000915527344,34.34000015258789,33.36000061035156,34.09000015258789,33.8321647644043,610400
2020-11-30,34.20000076293945,34.369998931884766,32.189998626708984,33.16999816894531,32.91912078857422,3411800
2020-12-01,33.16999816894531,33.81999969482422,32.810001373291016,33.0,32.75040817260742,2161800
2020-12-02,32.959999084472656,33.459999084472656,32.709999084472656,33.09000015258789,32.8397216796875,1191800
2020-12-03,33.04999923706055,33.599998474121094,32.959999084472656,33.18000030517578,32.92905044555664,1146700
2020-12-04,32.97999954223633,33.529998779296875,32.775001525878906,33.06999969482422,32.81987762451172,1358100
2020-12-07,33.310001373291016,33.41999816894531,32.29999923706055,32.5099983215332,32.26411437988281,2353400
2020-12-08,32.54499816894531,32.77000045776367,31.600000381469727,32.0,31.757972717285156,1424100
2020-12-09,31.989999771118164,32.45000076293945,31.360000610351562,31.959999084472656,31.71827507019043,2818500
2020-12-10,31.649999618530273,32.09000015258789,31.219999313354492,31.90999984741211,31.66865348815918,1614400
2020-12-11,31.969999313354492,32.0,30.1299991607666,31.18000030517578,30.944175720214844,2042800
2020-12-14,31.579999923706055,32.43000030517578,31.170000076293945,32.25,32.006080627441406,2477600
2020-12-15,32.2599983215332,33.040000915527344,31.920000076293945,32.779998779296875,32.53207015991211,1653400
2020-12-16,32.72999954223633,33.220001220703125,32.38999938964844,32.689998626708984,32.442752838134766,2243600
2020-12-17,32.75,33.689998626708984,32.68000030517578,33.5,33.24662399291992,1099000
2020-12-18,33.75,34.43000030517578,33.33000183105469,33.90999984741211,33.65353012084961,3498500
2020-12-21,33.52000045776367,34.26499938964844,32.915000915527344,34.16999816894531,33.91156005859375,2075700
2020-12-22,34.22999954223633,34.54999923706055,33.689998626708984,34.040000915527344,33.78254318237305,1802800
2020-12-23,34.349998474121094,34.349998474121094,33.939998626708984,34.150001525878906,33.89171600341797,1190300
2020-12-24,34.18000030517578,34.400001525878906,33.84000015258789,33.970001220703125,33.71308135986328,772600
2020-12-28,34.02000045776367,34.70000076293945,33.060001373291016,33.380001068115234,33.12753677368164,1308000
2020-12-29,33.16999816894531,33.59000015258789,32.31999969482422,32.68000030517578,32.432830810546875,1296700
2020-12-30,32.650001525878906,32.994998931884766,32.650001525878906,32.86000061035156,32.61146545410156,409900
2020-12-31,33.04999923706055,33.5,32.845001220703125,33.400001525878906,33.14738845825195,944800
2021-01-04,33.599998474121094,34.0,32.619998931884766,33.209999084472656,32.958824157714844,1886100
2021-01-05,33.33000183105469,33.33000183105469,32.29999923706055,33.04999923706055,32.80002975463867,2234800
2021-01-06,33.130001068115234,34.189998626708984,33.130001068115234,33.58000183105469,33.326026916503906,1553900
2021-01-07,33.849998474121094,35.220001220703125,33.61000061035156,34.220001220703125,33.961185455322266,2504600
2021-01-08,34.18000030517578,35.084999084472656,34.060001373291016,34.81999969482422,34.556644439697266,1441100
2021-01-11,34.38999938964844,34.95000076293945,34.34000015258789,34.7400016784668,34.47725296020508,759900
2021-01-12,34.54999923706055,34.869998931884766,33.72999954223633,33.9900016784668,33.73292922973633,1183100
2021-01-13,34.279998779296875,35.189998626708984,33.380001068115234,34.38999938964844,34.12989807128906,5848300
2021-01-14,35.40999984741211,36.2400016784668,35.0,35.900001525878906,35.62847900390625,20377200
2021-01-15,36.0,36.77000045776367,35.09000015258789,35.099998474121094,34.83452224731445,13379300
2021-01-19,35.279998779296875,35.630001068115234,33.779998779296875,34.060001373291016,33.802391052246094,6681400
2021-01-20,34.40999984741211,34.4900016784668,33.13999938964844,34.060001373291016,33.802391052246094,4216400
2021-01-21,34.22999954223633,34.650001525878906,33.529998779296875,33.91999816894531,33.6634521484375,3290400
2021-01-22,33.81999969482422,34.52000045776367,33.2599983215332,33.810001373291016,33.554290771484375,2514800
2021-01-25,33.970001220703125,34.2599983215332,33.36000061035156,34.2599983215332,34.00088119506836,1662200
2021-01-26,34.25,34.619998931884766,33.84000015258789,34.08000183105469,33.82223892211914,1644700
2021-01-27,33.220001220703125,33.36000061035156,31.579999923706055,32.36000061035156,32.11524963378906,4447500
2021-01-28,32.619998931884766,33.81999969482422,31.829999923706055,32.790000915527344,32.54199981689453,2711000
2021-01-29,32.790000915527344,33.11000061035156,32.084999084472656,32.43000030517578,32.184722900390625,2152200
2021-02-01,33.029998779296875,33.46500015258789,31.950000762939453,33.04999923706055,32.80002975463867,3129000
2021-02-02,33.310001373291016,34.439998626708984,33.1349983215332,33.869998931884766,33.61383056640625,1464400
2021-02-03,34.119998931884766,34.7400016784668,33.650001525878906,33.689998626708984,33.43518829345703,2521900
2021-02-04,33.77000045776367,34.41999816894531,33.58000183105469,34.22999954223633,33.971107482910156,954500
2021-02-05,34.4900016784668,34.724998474121094,34.15999984741211,34.349998474121094,34.09019470214844,1675900
2021-02-08,34.34000015258789,34.959999084472656,34.04999923706055,34.70000076293945,34.43754959106445,2770500
2021-02-09,34.540000915527344,34.83000183105469,33.560001373291016,34.20000076293945,33.94133377075195,1867600
2021-02-10,34.380001068115234,34.52000045776367,33.209999084472656,33.5099983215332,33.25654983520508,1816300
2021-02-11,33.0,35.040000915527344,33.0,33.93000030517578,33.673377990722656,3893800
2021-02-12,33.95000076293945,34.220001220703125,33.2599983215332,34.11000061035156,33.85201644897461,1324200
2021-02-16,33.9900016784668,34.369998931884766,32.90999984741211,32.93000030517578,32.680938720703125,2031800
2021-02-17,32.81999969482422,33.130001068115234,32.060001373291016,32.790000915527344,32.54199981689453,1777300
2021-02-18,32.560001373291016,32.720001220703125,31.799999237060547,31.90999984741211,31.66865348815918,2080300
2021-02-19,32.04999923706055,32.470001220703125,31.079999923706055,31.360000610351562,31.122814178466797,1936500
2021-02-22,31.0,31.559999465942383,30.700000762939453,30.809999465942383,30.57697296142578,1908600
2021-02-23,30.459999084472656,31.93000030517578,30.209999084472656,31.760000228881836,31.51978874206543,1464200
2021-02-24,31.549999237060547,32.53499984741211,31.40999984741211,32.41999816894531,32.17479705810547,1240900
2021-02-25,32.4900016784668,33.11000061035156,31.75,31.90999984741211,31.66865348815918,1604200
2021-02-26,31.90999984741211,32.2400016784668,31.15999984741211,31.399999618530273,31.162511825561523,1318500
2021-03-01,31.700000762939453,32.470001220703125,31.6299991607666,32.2599983215332,32.01600646972656,789200
2021-03-02,32.15999984741211,32.21099853515625,31.31999969482422,31.600000381469727,31.360998153686523,930700
2021-03-03,31.579999923706055,31.815000534057617,30.489999771118164,30.5,30.269317626953125,1779200
2021-03-04,30.540000915527344,31.174999237060547,29.8700008392334,30.90999984741211,30.676219940185547,3272200
2021-03-05,31.25,32.189998626708984,31.100000381469727,32.02000045776367,31.77782440185547,2089400
2021-03-08,31.899999618530273,32.18000030517578,31.510000228881836,31.65999984741211,31.42054557800293,1725200
2021-03-09,31.989999771118164,32.279998779296875,31.010000228881836,31.059999465942383,30.825084686279297,2735100
2021-03-10,31.229999542236328,31.329999923706055,30.489999771118164,30.940000534057617,30.705989837646484,1775800
2021-03-11,31.040000915527344,31.889999389648438,30.729999542236328,30.8700008392334,30.636518478393555,2327700
2021-03-12,31.18000030517578,31.260000228881836,30.6200008392334,31.079999923706055,30.844932556152344,2222600
2021-03-15,31.1200008392334,31.450000762939453,30.010000228881836,30.850000381469727,30.616668701171875,3804400
2021-03-16,30.809999465942383,31.200000762939453,30.260000228881836,30.829999923706055,30.59682273864746,1969700
2021-03-17,30.809999465942383,31.889999389648438,30.760000228881836,31.809999465942383,31.56941032409668,1777100
2021-03-18,31.709999084472656,32.290000915527344,31.540000915527344,31.940000534057617,31.698427200317383,1670900
2021-03-19,31.889999389648438,32.2599983215332,31.520000457763672,32.119998931884766,31.877065658569336,30134800
2021-03-22,32.119998931884766,32.36000061035156,31.360000610351562,32.16999816894531,31.926681518554688,2328600
2021-03-23,32.45000076293945,32.45000076293945,30.979999542236328,31.149999618530273,30.914400100708008,1430900
2021-03-24,31.030000686645508,31.420000076293945,30.649999618530273,30.799999237060547,30.567047119140625,2102500
2021-03-25,30.780000686645508,31.25,30.649999618530273,31.049999237060547,30.81515884399414,1952400
2021-03-26,31.360000610351562,31.549999237060547,30.8799991607666,31.219999313354492,30.983869552612305,1716100
2021-03-29,31.06999969482422,31.459999084472656,30.469999313354492,30.530000686645508,30.299089431762695,1208900
2021-03-30,30.389999389648438,30.719999313354492,30.25,30.510000228881836,30.27924346923828,2026800
2021-03-31,30.600000381469727,30.610000610351562,30.110000610351562,30.270000457763672,30.041057586669922,1609500
2021-04-01,30.59000015258789,31.079999923706055,30.299999237060547,31.079999923706055,30.844932556152344,1380800
2021-04-05,31.280000686645508,31.520000457763672,31.0,31.43000030517578,31.192283630371094,883700
2021-04-06,31.40999984741211,31.559999465942383,31.040000915527344,31.149999618530273,30.914400100708008,1201700
2021-04-07,31.010000228881836,31.280000686645508,30.225000381469727,30.440000534057617,30.20977210998535,1341500
2021-04-08,30.399999618530273,30.729999542236328,30.3799991607666,30.6200008392334,30.388410568237305,1213600
2021-04-09,30.520000457763672,30.75,30.239999771118164,30.75,30.517427444458008,1449600
2021-04-12,30.889999389648438,31.5,30.440000534057617,31.329999923706055,31.09304428100586,1341600
2021-04-13,31.15999984741211,31.649999618530273,30.600000381469727,31.31999969482422,31.08311653137207,994500
2021-04-14,31.049999237060547,31.510000228881836,30.8700008392334,31.299999237060547,31.06326675415039,680300
2021-04-15,31.459999084472656,31.809999465942383,31.079999923706055,31.290000915527344,31.053342819213867,769000
2021-04-16,31.219999313354492,31.860000610351562,30.700000762939453,31.530000686645508,31.291528701782227,990400
2021-04-19,31.579999923706055,31.8799991607666,31.270000457763672,31.59000015258789,31.35107421875,997400
2021-04-20,31.43000030517578,31.809999465942383,30.770000457763672,30.950000762939453,30.715911865234375,1103100
2021-04-21,30.850000381469727,31.170000076293945,30.510000228881836,30.600000381469727,30.368560791015625,1279800
2021-04-22,30.790000915527344,31.469999313354492,30.579999923706055,31.329999923706055,31.09304428100586,1397400
2021-04-23,31.350000381469727,31.489999771118164,31.049999237060547,31.31999969482422,31.08311653137207,695800
2021-04-26,31.610000610351562,31.770000457763672,31.110000610351562,31.31999969482422,31.08311653137207,1189000
2021-04-27,31.290000915527344,31.809999465942383,30.68000030517578,31.690000534057617,31.450319290161133,1140300
2021-04-28,31.790000915527344,32.0,31.389999389648438,31.889999389648438,31.648801803588867,850200
2021-04-29,31.959999084472656,32.290000915527344,31.649999618530273,32.150001525878906,31.90683937072754,1177900
2021-04-30,31.860000610351562,31.93000030517578,31.25,31.34000015258789,31.10296630859375,807500
2021-05-03,31.649999618530273,32.16999816894531,31.360000610351562,31.780000686645508,31.539636611938477,1147900
2021-05-04,31.549999237060547,31.790000915527344,31.110000610351562,31.780000686645508,31.539636611938477,663000
2021-05-05,32.0,32.0,31.329999923706055,31.700000762939453,31.460243225097656,920600
2021-05-06,32.79999923706055,33.5,32.2400016784668,33.11000061035156,32.85957336425781,2726900
2021-05-07,33.5099983215332,34.900001525878906,33.0,34.77000045776367,34.507022857666016,1574000
2021-05-10,34.75,34.83000183105469,34.2599983215332,34.47999954223633,34.219215393066406,1229300
2021-05-11,34.099998474121094,34.619998931884766,33.880001068115234,34.099998474121094,33.84208679199219,1196600
2021-05-12,34.099998474121094,34.47999954223633,33.43000030517578,33.4900016784668,33.2367057800293,710700
2021-05-13,33.5099983215332,34.0,32.88999938964844,33.400001525878906,33.14738845825195,1468100
2021-05-14,33.7599983215332,34.150001525878906,33.40999984741211,33.9900016784668,33.73292922973633,843800
2021-05-17,34.06999969482422,34.314998626708984,33.814998626708984,34.130001068115234,33.87186813354492,729900
2021-05-18,34.150001525878906,34.5099983215332,33.8650016784668,33.93000030517578,33.673377990722656,831300
2021-05-19,33.52000045776367,34.099998474121094,33.10499954223633,33.9900016784668,33.73292922973633,793600
2021-05-20,34.529998779296875,34.779998779296875,34.097999572753906,34.720001220703125,34.457401275634766,1597300
2021-05-21,34.88999938964844,35.0,34.40999984741211,34.5099983215332,34.248992919921875,1178000
2021-05-24,34.540000915527344,34.994998931884766,34.369998931884766,34.63999938964844,34.37800216674805,1057000
2021-05-25,34.66999816894531,35.119998931884766,34.66999816894531,34.720001220703125,34.457401275634766,1655400
2021-05-26,35.0,35.279998779296875,34.560001373291016,35.16999816894531,34.903995513916016,2258600
2021-05-27,35.11000061035156,35.369998931884766,34.58000183105469,35.189998626708984,34.92384338378906,1638000
2021-05-28,34.86000061035156,35.33000183105469,34.349998474121094,35.08000183105469,34.81467819213867,929100
2021-06-01,35.15999984741211,35.369998931884766,34.79999923706055,35.099998474121094,34.83452224731445,1607200
2021-06-02,35.09000015258789,35.220001220703125,34.36000061035156,34.599998474121094,34.3627815246582,1102100
2021-06-03,34.150001525878906,34.54199981689453,33.630001068115234,34.0,33.76689529418945,980400
2021-06-04,33.970001220703125,34.400001525878906,33.880001068115234,34.36000061035156,34.12443161010742,791700
2021-06-07,34.380001068115234,34.560001373291016,33.68000030517578,33.869998931884766,33.63779067993164,1989600
2021-06-08,33.91999816894531,34.5,33.78499984741211,34.380001068115234,34.144290924072266,982100
2021-06-09,34.59000015258789,34.900001525878906,34.20000076293945,34.47999954223633,34.24360656738281,807300
2021-06-10,34.52000045776367,35.165000915527344,34.5099983215332,35.11000061035156,34.86928939819336,1709400
2021-06-11,35.18000030517578,35.22999954223633,34.560001373291016,34.849998474121094,34.61106872558594,1032300
2021-06-14,34.880001068115234,34.970001220703125,33.709999084472656,33.7599983215332,33.528541564941406,1128900
2021-06-15,33.790000915527344,34.06999969482422,33.459999084472656,33.470001220703125,33.240535736083984,2198000
2021-06-16,33.41999816894531,33.89500045776367,33.0099983215332,33.81999969482422,33.588134765625,4703700
2021-06-17,33.95000076293945,34.02000045776367,33.15999984741211,33.2599983215332,33.03196716308594,953000
2021-06-18,32.81999969482422,33.310001373291016,32.470001220703125,33.16999816894531,32.94258499145508,3315600
2021-06-21,33.2400016784668,33.599998474121094,33.04999923706055,33.13999938964844,32.91279220581055,1144600
2021-06-22,33.0099983215332,33.10499954223633,32.68000030517578,32.970001220703125,32.74395751953125,659700
2021-06-23,32.970001220703125,33.47999954223633,32.7599983215332,32.810001373291016,32.585052490234375,772000
2021-06-24,32.91999816894531,33.06999969482422,32.439998626708984,32.77000045776367,32.54533004760742,1191200
2021-06-25,32.790000915527344,32.939998626708984,32.47999954223633,32.77000045776367,32.54533004760742,4445800
2021-06-28,32.79999923706055,32.95000076293945,32.25,32.459999084472656,32.237457275390625,1049200
2021-06-29,32.720001220703125,32.720001220703125,32.310001373291016,32.43000030517578,32.20766067504883,707500
2021-06-30,32.33000183105469,32.81999969482422,32.22999954223633,32.58000183105469,32.35663986206055,661800
2021-07-01,32.66999816894531,32.79999923706055,32.40999984741211,32.459999084472656,32.237457275390625,750000
2021-07-02,32.5,32.834999084472656,32.349998474121094,32.70000076293945,32.47581100463867,826200
2021-07-06,32.709999084472656,32.959999084472656,32.150001525878906,32.310001373291016,32.0884895324707,1945400
2021-07-07,32.20000076293945,32.40999984741211,32.060001373291016,32.20000076293945,31.9792423248291,766100
2021-07-08,32.880001068115234,32.880001068115234,31.760000228881836,31.889999389648438,31.671361923217773,746700
2021-07-09,31.8799991607666,32.41999816894531,31.8799991607666,32.38999938964844,32.16793441772461,617000
2021-07-12,32.290000915527344,32.529998779296875,32.13999938964844,32.2400016784668,32.01896667480469,642500
2021-07-13,32.125,32.220001220703125,31.6299991607666,31.65999984741211,31.442941665649414,583200
2021-07-14,31.739999771118164,32.099998474121094,31.610000610351562,32.060001373291016,31.840200424194336,718700
2021-07-15,31.93000030517578,32.025001525878906,31.40999984741211,31.459999084472656,31.24431037902832,667700
2021-07-16,31.670000076293945,31.829999923706055,31.049999237060547,31.139999389648438,30.926504135131836,1064900
2021-07-19,31.110000610351562,31.510000228881836,30.420000076293945,31.079999923706055,30.866918563842773,2172500
2021-07-20,31.3700008392334,32.7599983215332,31.149999618530273,32.34000015258789,32.118282318115234,1419600
2021-07-21,32.38999938964844,32.86000061035156,32.209999084472656,32.599998474121094,32.376495361328125,655500
2021-07-22,32.560001373291016,32.71500015258789,32.369998931884766,32.599998474121094,32.376495361328125,717500
2021-07-23,32.72999954223633,32.90999984741211,32.5099983215332,32.869998931884766,32.6446418762207,445400
2021-07-26,32.81999969482422,32.869998931884766,32.20000076293945,32.68000030517578,32.45595169067383,477800
2021-07-27,32.36000061035156,32.7400016784668,31.899999618530273,32.04999923706055,31.83026695251465,594300
2021-07-28,32.22999954223633,32.2400016784668,31.559999465942383,31.610000610351562,31.39328384399414,620700
2021-07-29,31.829999923706055,32.2599983215332,31.69099998474121,32.0,31.780611038208008,819900
2021-07-30,31.709999084472656,32.65999984741211,31.670000076293945,32.349998474121094,32.128211975097656,656200
2021-08-02,32.68000030517578,32.790000915527344,32.2599983215332,32.310001373291016,32.0884895324707,690500
2021-08-03,32.29999923706055,32.58000183105469,32.099998474121094,32.52000045776367,32.29703903198242,540100
2021-08-04,32.45000076293945,32.560001373291016,32.08000183105469,32.18000030517578,31.95937728881836,363800
2021-08-05,32.11000061035156,32.5,32.11000061035156,32.29999923706055,32.07855224609375,491800
2021-08-06,33.68000030517578,34.20000076293945,33.2599983215332,33.41999816894531,33.19087600708008,1158600
2021-08-09,33.5,33.77000045776367,32.91999816894531,33.61000061035156,33.37957000732422,893100
2021-08-10,33.52000045776367,33.93000030517578,33.52000045776367,33.7400016784668,33.5086784362793,854800
2021-08-11,33.93000030517578,34.474998474121094,33.689998626708984,34.470001220703125,34.23367691040039,698200
2021-08-12,34.54999923706055,34.779998779296875,34.2400016784668,34.349998474121094,34.114498138427734,658700
2021-08-13,34.150001525878906,34.380001068115234,34.04999923706055,34.2400016784668,34.00525665283203,341900
2021-08-16,34.060001373291016,34.619998931884766,33.88999938964844,34.369998931884766,34.134361267089844,590200
2021-08-17,34.38999938964844,34.47999954223633,33.630001068115234,33.83000183105469,33.59807205200195,509700
2021-08-18,33.83000183105469,34.154998779296875,33.70000076293945,33.93000030517578,33.6973762512207,1063300
2021-08-19,33.4900016784668,34.119998931884766,33.4900016784668,34.029998779296875,33.79669189453125,1174800
2021-08-20,34.0,34.54999923706055,33.9900016784668,34.439998626708984,34.20387649536133,935300
2021-08-23,34.54999923706055,34.80500030517578,34.45000076293945,34.779998779296875,34.54154968261719,1119800
2021-08-24,34.91999816894531,35.165000915527344,34.72999954223633,35.099998474121094,34.85935592651367,875600
2021-08-25,35.15999984741211,35.689998626708984,35.02000045776367,35.68000030517578,35.43538284301758,849300
2021-08-26,35.68000030517578,35.849998474121094,35.474998474121094,35.5099983215332,35.266544342041016,736900
2021-08-27,35.459999084472656,36.36000061035156,35.459999084472656,36.18000030517578,35.93195343017578,1301900
2021-08-30,36.189998626708984,36.52000045776367,36.0,36.40999984741211,36.16037368774414,1903100
2021-08-31,36.45000076293945,36.5,35.9900016784668,36.369998931884766,36.12065124511719,1279600
2021-09-01,36.369998931884766,36.70000076293945,36.20000076293945,36.68000030517578,36.453575134277344,1232500
2021-09-02,36.70000076293945,36.849998474121094,36.15999984741211,36.77000045776367,36.54302215576172,850700
2021-09-03,36.689998626708984,37.08000183105469,36.625,36.849998474121094,36.62253189086914,843200
2021-09-07,36.83000183105469,36.91999816894531,36.68000030517578,36.68000030517578,36.453575134277344,683800
2021-09-08,36.5,36.560001373291016,36.11000061035156,36.400001525878906,36.1753044128418,976100
2021-09-09,36.380001068115234,36.630001068115234,36.13999938964844,36.2599983215332,36.03617477416992,657300
2021-09-10,36.45000076293945,36.79999923706055,36.040000915527344,36.27000045776367,36.046112060546875,1011400
2021-09-13,36.59000015258789,36.7599983215332,36.290000915527344,36.560001373291016,36.334320068359375,758800
2021-09-14,36.779998779296875,36.779998779296875,36.0099983215332,36.119998931884766,35.897037506103516,1137200
2021-09-15,36.13999938964844,36.529998779296875,35.82500076293945,36.47999954223633,36.25481414794922,669900
2021-09-16,36.439998626708984,36.474998474121094,35.83000183105469,35.88999938964844,35.66845703125,799600
2021-09-17,35.72999954223633,35.779998779296875,35.06999969482422,35.13999938964844,34.92308807373047,1772000
2021-09-20,34.65999984741211,34.810001373291016,33.869998931884766,34.029998779296875,33.8199348449707,1276000
2021-09-21,34.15999984741211,34.19599914550781,33.220001220703125,33.41999816894531,33.21370315551758,1291700
2021-09-22,33.58000183105469,34.42499923706055,33.58000183105469,34.20000076293945,33.988887786865234,1145100
2021-09-23,34.31999969482422,34.58000183105469,34.15999984741211,34.439998626708984,34.22740936279297,1006400
2021-09-24,34.36000061035156,35.005001068115234,34.04999923706055,34.880001068115234,34.66469192504883,842500
2021-09-27,34.849998474121094,35.20000076293945,34.75,34.849998474121094,34.63488006591797,517600
2021-09-28,34.630001068115234,34.810001373291016,34.43000030517578,34.459999084472656,34.24728012084961,864900
2021-09-29,34.5,34.77000045776367,34.29999923706055,34.400001525878906,34.18765640258789,686900
2021-09-30,34.5099983215332,34.529998779296875,33.56999969482422,33.599998474121094,33.3925895690918,887200
2021-10-01,33.93000030517578,34.25,33.439998626708984,34.040000915527344,33.829872131347656,595600
2021-10-04,34.0099983215332,34.119998931884766,33.279998779296875,33.72999954223633,33.52178955078125,1257300
2021-10-05,33.70000076293945,34.04499816894531,33.459999084472656,33.83000183105469,33.62118148803711,962700
2021-10-06,33.54999923706055,33.7400016784668,32.959999084472656,33.290000915527344,33.084503173828125,636900
2021-10-07,33.5099983215332,34.0099983215332,33.5099983215332,33.689998626708984,33.48204040527344,460700
2021-10-08,33.66999816894531,34.0099983215332,33.380001068115234,33.779998779296875,33.57147979736328,737700
2021-10-11,33.5,33.61000061035156,32.53499984741211,32.58000183105469,32.37888717651367,714400
2021-10-12,32.599998474121094,33.02000045776367,32.45000076293945,32.790000915527344,32.58759689331055,1058700
2021-10-13,32.97999954223633,34.06999969482422,32.939998626708984,33.290000915527344,33.084503173828125,1213000
2021-10-14,33.599998474121094,34.0099983215332,33.599998474121094,33.9900016784668,33.780189514160156,768600
2021-10-15,34.18000030517578,34.400001525878906,33.900001525878906,34.11000061035156,33.89944839477539,787300
2021-10-18,34.0,34.290000915527344,33.81999969482422,33.939998626708984,33.730491638183594,641400
2021-10-19,34.0,34.369998931884766,34.0,34.20000076293945,33.988887786865234,720700
2021-10-20,34.31999969482422,34.400001525878906,34.119998931884766,34.36000061035156,34.14789581298828,475400
2021-10-21,34.380001068115234,34.59000015258789,34.15999984741211,34.439998626708984,34.22740936279297,542100
2021-10-22,34.380001068115234,34.55500030517578,34.279998779296875,34.34000015258789,34.128021240234375,422800
2021-10-25,34.5,34.6349983215332,34.13999938964844,34.20000076293945,33.988887786865234,721100
2021-10-26,34.2599983215332,34.61000061035156,33.810001373291016,33.81999969482422,33.611236572265625,646600
2021-10-27,33.689998626708984,34.099998474121094,33.29999923706055,33.36000061035156,33.15407180786133,748800
2021-10-28,33.52000045776367,33.654998779296875,33.17900085449219,33.540000915527344,33.33296585083008,864100
2021-10-29,33.52000045776367,34.04999923706055,33.400001525878906,33.83000183105469,33.62118148803711,1164000
2021-11-01,33.849998474121094,34.29999923706055,33.81999969482422,34.08000183105469,33.86962890625,1249300
2021-11-02,34.220001220703125,34.5099983215332,34.15999984741211,34.400001525878906,34.18765640258789,722900
2021-11-03,34.38999938964844,34.619998931884766,34.22999954223633,34.40999984741211,34.197593688964844,1418900
2021-11-04,34.0,34.16999816894531,32.66999816894531,32.75,32.5478401184082,1616900
2021-11-05,33.130001068115234,33.68000030517578,32.93000030517578,33.54999923706055,33.34290313720703,1185500
2021-11-08,33.790000915527344,34.04999923706055,33.06999969482422,33.34000015258789,33.134193420410156,966900
2021-11-09,33.349998474121094,33.93000030517578,33.349998474121094,33.709999084472656,33.501914978027344,792300
2021-11-10,33.529998779296875,34.02000045776367,33.459999084472656,33.58000183105469,33.372718811035156,1070900
2021-11-11,33.5,33.698001861572266,32.91999816894531,32.959999084472656,32.75654220581055,1009400
2021-11-12,33.150001525878906,33.709999084472656,32.97999954223633,33.61000061035156,33.402530670166016,903600
2021-11-15,33.7400016784668,33.814998626708984,33.2599983215332,33.31999969482422,33.11431884765625,934100
2021-11-16,33.41999816894531,34.0099983215332,33.36000061035156,33.4900016784668,33.28327560424805,857000
2021-11-17,33.369998931884766,33.630001068115234,33.28499984741211,33.5099983215332,33.30315017700195,628000
2021-11-18,33.63999938964844,33.79999923706055,33.12900161743164,33.470001220703125,33.263397216796875,815500
2021-11-19,33.45000076293945,34.220001220703125,33.345001220703125,33.95000076293945,33.74043273925781,2427500
2021-11-22,34.029998779296875,34.189998626708984,33.5,33.5099983215332,33.30315017700195,1136800
2021-11-23,33.5,33.52000045776367,32.939998626708984,33.38999938964844,33.18389129638672,896800
2021-11-24,33.189998626708984,33.5,33.02000045776367,33.310001373291016,33.10438537597656,774400
2021-11-26,32.79999923706055,32.95000076293945,32.11000061035156,32.470001220703125,32.26957321166992,949400
2021-11-29,32.75,32.880001068115234,31.93000030517578,32.029998779296875,31.8322811126709,890600
2021-11-30,31.780000686645508,31.959999084472656,31.395000457763672,31.510000228881836,31.315494537353516,1544000
2021-12-01,31.889999389648438,31.889999389648438,30.389999389648438,30.389999389648438,30.226390838623047,1872800
2021-12-02,30.479999542236328,31.229999542236328,30.389999389648438,31.030000686645508,30.862945556640625,1560200
2021-12-03,31.280000686645508,31.5,30.229999542236328,30.639999389648438,30.47504425048828,1736000
2021-12-06,30.989999771118164,32.099998474121094,30.940000534057617,31.65999984741211,31.489553451538086,1451000
2021-12-07,32.0,32.314998626708984,31.8700008392334,31.90999984741211,31.738204956054688,953900
2021-12-08,31.90999984741211,32.30500030517578,31.719999313354492,31.790000915527344,31.618852615356445,1116900
2021-12-09,31.549999237060547,31.790000915527344,31.219999313354492,31.239999771118164,31.071813583374023,796100
2021-12-10,31.25,31.549999237060547,30.770000457763672,30.809999465942383,30.644126892089844,1009000
2021-12-13,30.700000762939453,31.010000228881836,30.25,30.5,30.335796356201172,1191900
2021-12-14,30.3799991607666,30.799999237060547,30.229999542236328,30.3700008392334,30.206497192382812,1520800
2021-12-15,30.329999923706055,30.739999771118164,30.200000762939453,30.559999465942383,30.39547348022461,1352200
2021-12-16,30.739999771118164,31.139999389648438,30.260000228881836,30.299999237060547,30.13687515258789,828900
2021-12-17,30.200000762939453,30.479999542236328,29.8799991607666,29.989999771118164,29.82854461669922,2442500
2021-12-20,29.610000610351562,29.809999465942383,28.549999237060547,28.969999313354492,28.81403350830078,1178500
2021-12-21,29.15999984741211,30.06999969482422,29.094999313354492,29.709999084472656,29.550052642822266,2063300
2021-12-22,29.940000534057617,30.34000015258789,29.700000762939453,30.139999389648438,29.97773551940918,1799700
2021-12-23,30.329999923706055,30.610000610351562,30.059999465942383,30.360000610351562,30.196550369262695,1735500
2021-12-27,30.469999313354492,30.84000015258789,30.440000534057617,30.709999084472656,30.54466438293457,1114500
2021-12-28,30.670000076293945,31.049999237060547,30.670000076293945,30.850000381469727,30.68391227722168,852300
2021-12-29,31.0,31.309999465942383,30.850000381469727,31.280000686645508,31.111597061157227,1896800
2021-12-30,31.229999542236328,31.459999084472656,30.8799991607666,30.889999389648438,30.72369956970215,847600
2021-12-31,30.889999389648438,31.100000381469727,30.68000030517578,30.729999542236328,30.564559936523438,864100
2022-01-03,30.729999542236328,30.864999771118164,30.21500015258789,30.530000686645508,30.36563491821289,1311200
2022-01-04,30.850000381469727,31.270000457763672,30.729999542236328,30.989999771118164,30.823158264160156,2239600
2022-01-05,30.954999923706055,31.299999237060547,30.649999618530273,30.670000076293945,30.504880905151367,1574100
2022-01-06,30.729999542236328,31.09000015258789,30.610000610351562,30.93000030517578,30.76348114013672,1075400
2022-01-07,30.899999618530273,31.079999923706055,30.059999465942383,30.579999923706055,30.415369033813477,2093900
2022-01-10,30.309999465942383,30.639999389648438,29.65999984741211,30.309999465942383,30.146820068359375,1807400
2022-01-11,30.420000076293945,30.610000610351562,30.059999465942383,30.600000381469727,30.435258865356445,2235800
2022-01-12,30.760000228881836,30.764999389648438,30.030000686645508,30.40999984741211,30.246280670166016,2066700
2022-01-13,30.5,30.850000381469727,30.395000457763672,30.489999771118164,30.325851440429688,1415100
2022-01-14,30.209999084472656,30.3700008392334,29.510000228881836,30.0,29.838489532470703,1337500
2022-01-18,29.6200008392334,29.979999542236328,29.450000762939453,29.780000686645508,29.619674682617188,1392000
2022-01-19,29.93000030517578,30.219999313354492,29.40999984741211,29.43000030517578,29.27155876159668,1177100
2022-01-20,29.56999969482422,29.764999389648438,28.780000686645508,28.809999465942383,28.65489387512207,860300
2022-01-21,28.739999771118164,28.799999237060547,28.239999771118164,28.270000457763672,28.117801666259766,1233500
2022-01-24,27.899999618530273,28.84000015258789,27.65999984741211,28.670000076293945,28.515647888183594,2281000
2022-01-25,28.209999084472656,28.364999771118164,27.09000015258789,27.59000015258789,27.441465377807617,2084600
2022-01-26,27.709999084472656,28.0,26.829999923706055,27.010000228881836,26.864587783813477,1421100
2022-01-27,27.110000610351562,27.459999084472656,26.40999984741211,27.209999084472656,27.063507080078125,1824700
2022-01-28,27.280000686645508,27.649999618530273,26.709999084472656,27.59000015258789,27.441465377807617,1817200
2022-01-31,27.59000015258789,28.1299991607666,27.3700008392334,28.110000610351562,27.95866584777832,2117300
2022-02-01,28.209999084472656,28.440000534057617,27.729999542236328,28.0,27.849254608154297,1307000
2022-02-02,27.979999542236328,28.399999618530273,27.864999771118164,28.31999969482422,28.16753387451172,1182400
2022-02-03,28.059999465942383,28.110000610351562,26.950000762939453,27.040000915527344,26.894424438476562,1623000
2022-02-04,26.799999237060547,27.190000534057617,26.309999465942383,26.989999771118164,26.84469223022461,1274700
2022-02-07,27.059999465942383,27.149999618530273,26.530000686645508,26.719999313354492,26.576147079467773,1319100
2022-02-08,26.809999465942383,27.489999771118164,26.809999465942383,27.420000076293945,27.272377014160156,1640400
2022-02-09,27.670000076293945,27.84000015258789,27.489999771118164,27.59000015258789,27.441465377807617,747500
2022-02-10,27.149999618530273,28.1200008392334,27.059999465942383,27.829999923706055,27.6801700592041,1774900
2022-02-11,27.93000030517578,28.1299991607666,27.290000915527344,27.520000457763672,27.371841430664062,1021500
2022-02-14,27.540000915527344,27.790000915527344,27.34000015258789,27.450000762939453,27.30221939086914,1124600
2022-02-15,27.6200008392334,28.239999771118164,27.59000015258789,28.209999084472656,28.058124542236328,1234600
2022-02-16,28.030000686645508,28.309999465942383,27.739999771118164,28.15999984741211,28.008392333984375,1275800
2022-02-17,28.0,28.149999618530273,24.19499969482422,24.729999542236328,24.59686279296875,5142900
2022-02-18,24.170000076293945,25.420000076293945,24.049999237060547,24.479999542236328,24.348207473754883,4722000
2022-02-22,24.799999237060547,25.549999237060547,24.510000228881836,24.93000030517578,24.795785903930664,6468200
2022-02-23,24.93000030517578,25.184999465942383,23.739999771118164,23.739999771118164,23.61219024658203,2394900
2022-02-24,23.059999465942383,24.1200008392334,22.90999984741211,24.0,23.870792388916016,3304100
2022-02-25,23.8799991607666,24.395000457763672,23.229999542236328,24.209999084472656,24.079660415649414,3861100
2022-02-28,23.950000762939453,24.309999465942383,23.354999542236328,24.299999237060547,24.169178009033203,2154300
2022-03-01,24.1299991607666,24.3799991607666,23.239999771118164,23.440000534057617,23.313804626464844,1968600
2022-03-02,23.6299991607666,24.375,23.600000381469727,24.1299991607666,24.02571678161621,2587400
2022-03-03,24.239999771118164,24.510000228881836,23.899999618530273,24.260000228881836,24.155153274536133,1950300
2022-03-04,23.899999618530273,24.049999237060547,23.450000762939453,23.899999618530273,23.796710968017578,3363500
2022-03-07,23.81999969482422,24.010000228881836,22.56999969482422,22.56999969482422,22.472455978393555,2317100
2022-03-08,22.530000686645508,22.670000076293945,21.950000762939453,22.209999084472656,22.114013671875,3468000
2022-03-09,22.940000534057617,23.5,22.690000534057617,23.399999618530273,23.298870086669922,2353100
2022-03-10,23.045000076293945,23.149999618530273,22.4950008392334,22.8700008392334,22.771162033081055,1853200
2022-03-11,23.139999389648438,23.299999237060547,22.920000076293945,23.0,22.900598526000977,1876700
2022-03-14,23.0,23.3700008392334,22.579999923706055,22.719999313354492,22.621809005737305,1538300
2022-03-15,22.739999771118164,22.959999084472656,22.270000457763672,22.5,22.402759552001953,2281500
2022-03-16,22.65999984741211,23.6299991607666,22.65999984741211,23.6200008392334,23.517921447753906,2168700
2022-03-17,23.329999923706055,24.079999923706055,23.290000915527344,23.979999542236328,23.876365661621094,1574600
2022-03-18,23.8799991607666,24.510000228881836,23.760000228881836,24.479999542236328,24.374204635620117,2110300
2022-03-21,24.479999542236328,24.56999969482422,23.729999542236328,24.360000610351562,24.254722595214844,2128500
2022-03-22,24.549999237060547,24.979999542236328,24.395000457763672,24.489999771118164,24.3841609954834,1498400
2022-03-23,24.139999389648438,24.645000457763672,24.0,24.100000381469727,23.995845794677734,1362800
2022-03-24,24.15999984741211,24.299999237060547,23.950000762939453,24.170000076293945,24.06554412841797,1150400
2022-03-25,24.34000015258789,24.760000228881836,24.260000228881836,24.65999984741211,24.55342674255371,2397500
2022-03-28,24.510000228881836,24.709999084472656,24.219999313354492,24.540000915527344,24.433944702148438,912900
2022-03-29,24.889999389648438,25.170000076293945,24.690000534057617,25.040000915527344,24.931785583496094,1464400
2022-03-30,24.959999084472656,25.360000610351562,24.780000686645508,25.079999923706055,24.97161102294922,1529900
2022-03-31,24.920000076293945,25.71500015258789,24.81999969482422,25.389999389648438,25.280269622802734,2567600
2022-04-01,25.450000762939453,25.700000762939453,24.76300048828125,25.049999237060547,24.941740036010742,2008800
2022-04-04,25.020000457763672,25.469999313354492,24.790000915527344,25.389999389648438,25.280269622802734,1383200
2022-04-05,25.350000381469727,25.459999084472656,24.940000534057617,25.09000015258789,24.9815673828125,1479000
2022-04-06,24.790000915527344,24.895000457763672,24.290000915527344,24.56999969482422,24.463815689086914,1367800
2022-04-07,24.420000076293945,24.940000534057617,24.260000228881836,24.780000686645508,24.672908782958984,1088800
2022-04-08,24.670000076293945,25.170000076293945,24.56999969482422,25.0,24.891956329345703,1341400
2022-04-11,24.989999771118164,25.3799991607666,24.860000610351562,24.969999313354492,24.862085342407227,1285300
2022-04-12,25.15999984741211,25.420000076293945,24.549999237060547,24.649999618530273,24.54347038269043,931400
2022-04-13,24.739999771118164,25.075000762939453,24.530000686645508,25.010000228881836,24.901912689208984,898100
2022-04-14,24.860000610351562,25.34000015258789,24.860000610351562,25.020000457763672,24.9118709564209,1011500
2022-04-18,24.979999542236328,25.4689998626709,24.979999542236328,25.170000076293945,25.06122398376465,1209000
2022-04-19,25.149999618530273,26.06999969482422,25.149999618530273,26.0,25.88763427734375,1331700
2022-04-20,26.31999969482422,26.709999084472656,26.18000030517578,26.610000610351562,26.494998931884766,1316000
2022-04-21,26.700000762939453,26.739999771118164,26.114999771118164,26.40999984741211,26.29586410522461,1683100
2022-04-22,26.18000030517578,26.420000076293945,25.950000762939453,25.969999313354492,25.857763290405273,1697900
2022-04-25,25.860000610351562,26.469999313354492,25.209999084472656,26.459999084472656,26.345645904541016,2038500
2022-04-26,26.110000610351562,26.16200065612793,25.6200008392334,25.639999389648438,25.529190063476562,1517300
2022-04-27,25.59000015258789,25.809999465942383,25.030000686645508,25.65999984741211,25.549104690551758,1404500
2022-04-28,25.959999084472656,26.399999618530273,25.360000610351562,26.229999542236328,26.116640090942383,5290300
2022-04-29,26.06999969482422,26.530000686645508,25.559999465942383,25.6200008392334,25.509279251098633,1194200
2022-05-02,25.3700008392334,25.93000030517578,25.104999542236328,25.6200008392334,25.509279251098633,1239800
2022-05-03,25.540000915527344,26.139999389648438,25.520000457763672,25.989999771118164,25.87767791748047,1275800
2022-05-04,25.969999313354492,27.0,25.780000686645508,26.90999984741211,26.793699264526367,2240400
2022-05-05,27.09000015258789,27.899999618530273,26.8700008392334,27.219999313354492,27.102359771728516,1794600
2022-05-06,27.389999389648438,27.6200008392334,26.739999771118164,26.989999771118164,26.873355865478516,1354400
2022-05-09,26.65999984741211,26.93000030517578,26.114999771118164,26.670000076293945,26.55474090576172,1221700
2022-05-10,26.780000686645508,26.81999969482422,25.670000076293945,25.8799991607666,25.768152236938477,1424700
2022-05-11,25.760000228881836,26.440000534057617,25.639999389648438,25.93000030517578,25.81793785095215,1261000
2022-05-12,25.760000228881836,26.1200008392334,25.360000610351562,25.920000076293945,25.807981491088867,1567000
2022-05-13,26.0,26.940000534057617,26.0,26.770000457763672,26.654306411743164,1522600
2022-05-16,26.75,27.270000457763672,26.579999923706055,26.899999618530273,26.783742904663086,973200
2022-05-17,27.350000381469727,28.0,27.290000915527344,27.899999618530273,27.779422760009766,1114600
2022-05-18,27.56999969482422,28.059999465942383,27.264999389648438,27.299999237060547,27.182016372680664,1214000
2022-05-19,27.049999237060547,28.1200008392334,27.049999237060547,28.020000457763672,27.898906707763672,1831600
2022-05-20,28.18000030517578,28.31999969482422,27.399999618530273,28.110000610351562,27.988515853881836,2724400
2022-05-23,28.280000686645508,28.450000762939453,27.709999084472656,28.010000228881836,27.888946533203125,1443700
2022-05-24,27.739999771118164,27.84000015258789,27.25,27.600000381469727,27.48072052001953,898300
2022-05-25,27.389999389648438,27.579999923706055,26.6200008392334,26.700000762939453,26.584609985351562,1593300
2022-05-26,27.469999313354492,27.75,27.094999313354492,27.309999465942383,27.191972732543945,3083700
2022-05-27,27.450000762939453,27.65999984741211,27.290000915527344,27.56999969482422,27.450849533081055,1503900
2022-05-31,27.424999237060547,27.5,26.635000228881836,26.81999969482422,26.704090118408203,1846900
2022-06-01,27.059999465942383,27.299999237060547,26.56999969482422,27.09000015258789,26.998088836669922,1171200
2022-06-02,27.09000015258789,27.68000030517578,27.0,27.530000686645508,27.43659782409668,964300
2022-06-03,27.280000686645508,27.360000610351562,26.520000457763672,26.719999313354492,26.629344940185547,631700
2022-06-06,26.950000762939453,27.1299991607666,26.81999969482422,26.989999771118164,26.89842987060547,1093900
2022-06-07,26.6200008392334,26.829999923706055,25.920000076293945,26.829999923706055,26.73897361755371,1075000
2022-06-08,26.829999923706055,27.010000228881836,26.200000762939453,26.489999771118164,26.40012550354004,940500
2022-06-09,26.34000015258789,26.854999542236328,26.049999237060547,26.06999969482422,25.981552124023438,965700
2022-06-10,25.579999923706055,25.81999969482422,24.8799991607666,24.889999389648438,24.805553436279297,905700
2022-06-13,24.229999542236328,24.34000015258789,23.389999389648438,23.530000686645508,23.45016860961914,1281400
2022-06-14,23.719999313354492,23.770000457763672,22.8799991607666,23.190000534057617,23.1113224029541,1126500
2022-06-15,23.25,23.850000381469727,23.03499984741211,23.5,23.420269012451172,1519600
2022-06-16,23.059999465942383,23.209999084472656,22.0,22.15999984741211,22.08481788635254,1357300
2022-06-17,22.34000015258789,23.15999984741211,22.170000076293945,22.889999389648438,22.812339782714844,4732100
2022-06-21,23.299999237060547,23.697999954223633,22.889999389648438,23.540000915527344,23.460134506225586,1329400
2022-06-22,23.170000076293945,23.969999313354492,23.079999923706055,23.5,23.420269012451172,1274600
2022-06-23,23.489999771118164,23.530000686645508,22.96500015258789,23.290000915527344,23.21098518371582,904100
2022-06-24,23.510000228881836,23.729999542236328,23.170000076293945,23.3700008392334,23.290714263916016,2316900
2022-06-27,23.600000381469727,23.690000534057617,23.15999984741211,23.200000762939453,23.121288299560547,980800
2022-06-28,23.329999923706055,23.559999465942383,22.96500015258789,23.09000015258789,23.01166343688965,1130300
2022-06-29,23.200000762939453,23.360000610351562,22.8799991607666,23.1200008392334,23.041561126708984,999000
2022-06-30,22.81999969482422,23.21500015258789,22.559999465942383,22.989999771118164,22.91200065612793,1120800
2022-07-01,22.989999771118164,23.420000076293945,22.700000762939453,23.010000228881836,22.93193244934082,1834600
2022-07-05,22.739999771118164,22.815000534057617,21.940000534057617,22.559999465942383,22.48345947265625,2170300
2022-07-06,22.40999984741211,22.530000686645508,21.770000457763672,22.020000457763672,21.945293426513672,1361600
2022-07-07,22.06999969482422,22.719999313354492,21.93000030517578,22.549999237060547,22.473493576049805,1164500
2022-07-08,22.610000610351562,22.610000610351562,22.110000610351562,22.31999969482422,22.244274139404297,1048700
2022-07-11,22.149999618530273,22.270000457763672,21.920000076293945,22.010000228881836,21.935327529907227,571000
2022-07-12,21.790000915527344,22.290000915527344,21.790000915527344,21.959999084472656,21.885494232177734,629300
2022-07-13,21.549999237060547,22.045000076293945,21.510000228881836,21.920000076293945,21.845630645751953,818200
2022-07-14,21.68000030517578,21.739999771118164,21.15999984741211,21.469999313354492,21.397157669067383,597800
2022-07-15,21.889999389648438,22.34000015258789,21.65999984741211,22.049999237060547,21.975189208984375,905400
2022-07-18,22.15999984741211,22.5,21.950000762939453,21.969999313354492,21.89546012878418,766800
2022-07-19,22.270000457763672,23.1299991607666,22.191999435424805,23.06999969482422,22.991729736328125,582400
2022-07-20,23.09000015258789,23.670000076293945,23.045000076293945,23.639999389648438,23.55979347229004,849000
2022-07-21,23.59000015258789,24.18000030517578,23.579999923706055,24.100000381469727,24.018234252929688,547700
2022-07-22,24.149999618530273,24.34000015258789,23.93000030517578,24.209999084472656,24.127859115600586,565600
2022-07-25,24.209999084472656,24.579999923706055,24.1299991607666,24.40999984741211,24.327180862426758,773200
2022-07-26,24.1200008392334,24.360000610351562,23.91900062561035,24.290000915527344,24.207590103149414,1026000
2022-07-27,24.3700008392334,25.030000686645508,24.31999969482422,24.93000030517578,24.84541893005371,742800
2022-07-28,25.18000030517578,25.6200008392334,24.68000030517578,25.56999969482422,25.483245849609375,1069000
2022-07-29,25.670000076293945,25.989999771118164,25.489999771118164,25.799999237060547,25.712467193603516,879500
2022-08-01,25.530000686645508,26.030000686645508,25.3700008392334,25.899999618530273,25.81212615966797,723000
2022-08-02,25.649999618530273,26.049999237060547,25.44499969482422,25.790000915527344,25.702503204345703,827700
2022-08-03,26.059999465942383,26.420000076293945,25.809999465942383,26.350000381469727,26.260601043701172,967600
2022-08-04,26.200000762939453,26.200000762939453,24.610000610351562,24.75,24.66602897644043,1823200
2022-08-05,24.40999984741211,24.905000686645508,24.290000915527344,24.719999313354492,24.636131286621094,644700
2022-08-08,24.950000762939453,25.3799991607666,24.530000686645508,24.530000686645508,24.446775436401367,900800
2022-08-09,24.309999465942383,24.389999389648438,23.530000686645508,23.68000030517578,23.599658966064453,738600
2022-08-10,24.0,24.5,23.899999618530273,24.489999771118164,24.406909942626953,1034600
2022-08-11,24.579999923706055,25.020000457763672,24.114999771118164,24.170000076293945,24.087997436523438,906800
2022-08-12,24.3700008392334,24.3700008392334,23.7549991607666,24.209999084472656,24.127859115600586,1457600
2022-08-15,24.059999465942383,24.18000030517578,23.860000610351562,24.059999465942383,23.978368759155273,869000
2022-08-16,23.8799991607666,24.344999313354492,23.8799991607666,24.25,24.167724609375,857400
2022-08-17,24.0,24.149999618530273,23.780000686645508,23.850000381469727,23.76908302307129,848500
2022-08-18,23.8799991607666,24.420000076293945,23.82200050354004,24.329999923706055,24.247453689575195,767600
2022-08-19,24.1299991607666,24.219999313354492,23.610000610351562,23.649999618530273,23.569759368896484,819200
2022-08-22,23.219999313354492,23.260000228881836,22.799999237060547,22.8700008392334,22.792407989501953,868200
2022-08-23,22.8799991607666,23.149999618530273,22.790000915527344,22.899999618530273,22.82230567932129,556000
2022-08-24,22.969999313354492,23.31999969482422,22.93000030517578,23.190000534057617,23.1113224029541,429500
2022-08-25,23.399999618530273,23.825000762939453,23.280000686645508,23.670000076293945,23.589693069458008,696400
2022-08-26,23.709999084472656,23.75,22.565000534057617,22.56999969482422,22.493425369262695,496200
2022-08-29,22.40999984741211,22.815000534057617,22.219999313354492,22.6200008392334,22.543258666992188,724400
2022-08-30,22.719999313354492,22.850000381469727,22.049999237060547,22.09000015258789,22.01505470275879,653800
2022-08-31,22.09000015258789,22.270000457763672,21.81999969482422,21.920000076293945,21.87038230895996,981000
2022-09-01,21.75,22.149999618530273,21.459999084472656,22.059999465942383,22.01006317138672,911500
2022-09-02,22.309999465942383,22.309999465942383,21.579999923706055,21.610000610351562,21.561084747314453,1068000
2022-09-06,21.520000457763672,21.56999969482422,20.905000686645508,20.989999771118164,20.942485809326172,1273900
2022-09-07,20.989999771118164,21.434999465942383,20.8799991607666,21.389999389648438,21.341581344604492,868100
2022-09-08,21.15999984741211,21.530000686645508,20.989999771118164,21.469999313354492,21.42140007019043,797200
2022-09-09,21.790000915527344,21.985000610351562,21.690000534057617,21.809999465942383,21.760631561279297,807900
2022-09-12,21.979999542236328,22.329999923706055,21.829999923706055,22.079999923706055,22.030017852783203,1067700
2022-09-13,21.579999923706055,21.579999923706055,20.809999465942383,20.8700008392334,20.822757720947266,788200
2022-09-14,20.860000610351562,21.059999465942383,20.700000762939453,20.90999984741211,20.862667083740234,1237600
2022-09-15,20.81999969482422,21.010000228881836,19.96500015258789,20.079999923706055,20.0345458984375,1965700
2022-09-16,19.90999984741211,19.90999984741211,19.084999084472656,19.530000686645508,19.485794067382812,3618000
2022-09-19,19.350000381469727,19.700000762939453,19.15999984741211,19.479999542236328,19.43590545654297,1314500
2022-09-20,19.219999313354492,19.260000228881836,18.639999389648438,18.899999618530273,18.85721778869629,1460800
2022-09-21,19.010000228881836,19.260000228881836,18.649999618530273,18.649999618530273,18.6077823638916,1318900
2022-09-22,18.5,18.520000457763672,17.799999237060547,18.219999313354492,18.178756713867188,2026100
2022-09-23,17.989999771118164,18.209999084472656,17.829999923706055,18.110000610351562,18.069007873535156,1418300
2022-09-26,17.959999084472656,18.170000076293945,17.09000015258789,17.100000381469727,17.06129264831543,2334300
2022-09-27,17.31999969482422,17.670000076293945,17.059999465942383,17.229999542236328,17.190996170043945,1564200
2022-09-28,17.31999969482422,17.739999771118164,17.270000457763672,17.56999969482422,17.530227661132812,2593500
2022-09-29,17.260000228881836,17.260000228881836,16.549999237060547,17.209999084472656,17.17104148864746,2230700
2022-09-30,17.040000915527344,17.290000915527344,16.65999984741211,16.709999084472656,16.67217445373535,1723000
2022-10-03,16.959999084472656,17.625,16.899999618530273,17.479999542236328,17.440431594848633,1981000
2022-10-04,17.84000015258789,18.128999710083008,17.770000457763672,18.020000457763672,17.979209899902344,1975300
2022-10-05,17.829999923706055,18.420000076293945,17.829999923706055,18.149999618530273,18.108915328979492,1755300
2022-10-06,18.049999237060547,18.31999969482422,17.469999313354492,17.579999923706055,17.540205001831055,1639700
2022-10-07,17.34000015258789,17.485000610351562,16.84000015258789,17.0,16.961519241333008,1377200
2022-10-10,17.059999465942383,17.165000915527344,16.850000381469727,17.110000610351562,17.071271896362305,1011600
2022-10-11,17.079999923706055,17.360000610351562,16.799999237060547,17.1299991607666,17.091224670410156,1361500
2022-10-12,17.25,17.25,16.969999313354492,17.110000610351562,17.071271896362305,1137400
2022-10-13,16.809999465942383,17.559999465942383,16.610000610351562,17.43000030517578,17.390544891357422,1175400
2022-10-14,17.510000228881836,17.579999923706055,17.06999969482422,17.09000015258789,17.051315307617188,890200
2022-10-17,17.40999984741211,18.0049991607666,17.399999618530273,17.84000015258789,17.799617767333984,1585500
2022-10-18,18.31999969482422,18.565000534057617,17.93000030517578,18.420000076293945,18.37830352783203,1413200
2022-10-19,18.25,18.520000457763672,18.110000610351562,18.170000076293945,18.12887191772461,1287200
2022-10-20,18.229999542236328,18.350000381469727,17.649999618530273,17.8799991607666,17.83952522277832,1517900
2022-10-21,17.90999984741211,18.31999969482422,17.799999237060547,18.270000457763672,18.22864532470703,1043400
2022-10-24,18.389999389648438,18.610000610351562,18.270000457763672,18.489999771118164,18.448144912719727,886200
2022-10-25,18.5,19.18000030517578,18.5,19.110000610351562,19.066743850708008,1037600
2022-10-26,19.079999923706055,19.280000686645508,18.709999084472656,18.709999084472656,18.667646408081055,1136800
2022-10-27,18.889999389648438,19.190000534057617,18.850000381469727,19.059999465942383,19.016855239868164,1309800
2022-10-28,19.040000915527344,19.600000381469727,19.0,19.479999542236328,19.43590545654297,828200
2022-10-31,19.290000915527344,19.450000762939453,19.09000015258789,19.100000381469727,19.056766510009766,1325700
2022-11-01,19.239999771118164,19.709999084472656,19.1299991607666,19.56999969482422,19.525699615478516,812300
2022-11-02,19.459999084472656,19.56999969482422,18.84000015258789,18.860000610351562,18.81730842590332,1336100
2022-11-03,18.290000915527344,18.290000915527344,16.709999084472656,17.209999084472656,17.17104148864746,2852900
2022-11-04,17.420000076293945,17.860000610351562,17.2549991607666,17.760000228881836,17.719799041748047,1840500
2022-11-07,17.93000030517578,18.645000457763672,17.812000274658203,18.559999465942383,18.517986297607422,1402000
2022-11-08,18.56999969482422,19.1200008392334,18.1200008392334,18.280000686645508,18.238622665405273,1554000
2022-11-09,18.040000915527344,18.8799991607666,18.040000915527344,18.399999618530273,18.358348846435547,1918800
2022-11-10,19.290000915527344,20.114999771118164,19.190000534057617,20.010000228881836,19.964704513549805,1388200
2022-11-11,20.030000686645508,20.790000915527344,20.010000228881836,20.579999923706055,20.533414840698242,1454800
2022-11-14,20.3799991607666,20.649999618530273,20.079999923706055,20.1299991607666,20.08443260192871,1341300
2022-11-15,20.5,20.6299991607666,19.979999542236328,20.190000534057617,20.144298553466797,1410800
2022-11-16,20.010000228881836,20.100000381469727,19.239999771118164,19.510000228881836,19.465837478637695,1745700
2022-11-17,19.1299991607666,19.350000381469727,18.985000610351562,19.350000381469727,19.30620002746582,1314200
2022-11-18,19.690000534057617,19.690000534057617,19.1200008392334,19.31999969482422,19.276268005371094,880500
2022-11-21,19.170000076293945,19.639999389648438,19.084999084472656,19.100000381469727,19.056766510009766,1862200
2022-11-22,19.219999313354492,19.389999389648438,19.0049991607666,19.25,19.2064266204834,3123200
2022-11-23,19.270000457763672,19.503999710083008,19.100000381469727,19.399999618530273,19.35608673095703,1328400
2022-11-25,19.34000015258789,19.68000030517578,19.270000457763672,19.579999923706055,19.535676956176758,364600
2022-11-28,19.350000381469727,19.350000381469727,18.834999084472656,19.049999237060547,19.006877899169922,1090500
2022-11-29,18.979999542236328,19.235000610351562,18.979999542236328,19.09000015258789,19.04678726196289,958200
2022-11-30,19.0,19.649999618530273,18.764999389648438,19.6299991607666,19.61124610900879,1371300
2022-12-01,19.450000762939453,19.760000228881836,19.219999313354492,19.350000381469727,19.33151626586914,1459000
2022-12-02,19.010000228881836,19.7450008392334,18.979999542236328,19.579999923706055,19.561294555664062,1374500
2022-12-05,19.469999313354492,19.469999313354492,19.0,19.15999984741211,19.14169692993164,1500900
2022-12-06,19.18000030517578,19.209999084472656,18.670000076293945,19.010000228881836,18.991840362548828,2252600
2022-12-07,18.969999313354492,19.1200008392334,18.645000457763672,18.90999984741211,18.891935348510742,1052500
2022-12-08,19.010000228881836,19.100000381469727,18.81999969482422,19.0,18.981849670410156,1421500
2022-12-09,18.979999542236328,19.3700008392334,18.90999984741211,19.079999923706055,19.0617733001709,1153800
2022-12-12,18.600000381469727,19.219999313354492,18.56999969482422,19.1299991607666,19.111724853515625,1652400
2022-12-13,19.860000610351562,20.170000076293945,19.344999313354492,19.530000686645508,19.51134490966797,3356500
2022-12-14,19.510000228881836,19.920000076293945,19.469999313354492,19.790000915527344,19.771095275878906,2182100
2022-12-15,19.459999084472656,19.51300048828125,18.7450008392334,18.90999984741211,18.891935348510742,1609000
2022-12-16,18.6299991607666,18.790000915527344,18.360000610351562,18.639999389648438,18.6221923828125,2932800
2022-12-19,18.729999542236328,18.799999237060547,18.209999084472656,18.469999313354492,18.452354431152344,1995800
2022-12-20,18.440000534057617,18.889999389648438,18.440000534057617,18.469999313354492,18.452354431152344,1611900
2022-12-21,18.639999389648438,19.06999969482422,18.559999465942383,19.06999969482422,19.051782608032227,1271200
2022-12-22,18.8799991607666,19.0,18.1299991607666,18.530000686645508,18.512298583984375,1579100
2022-12-23,18.420000076293945,18.8799991607666,18.420000076293945,18.8799991607666,18.861963272094727,913300
2022-12-27,18.860000610351562,19.0,18.69499969482422,18.860000610351562,18.841983795166016,965700
2022-12-28,18.860000610351562,18.940000534057617,18.450000762939453,18.489999771118164,18.472335815429688,1052800
2022-12-29,18.639999389648438,19.424999237060547,18.639999389648438,19.270000457763672,19.2515926361084,1672500
2022-12-30,19.059999465942383,19.364999771118164,18.950000762939453,19.329999923706055,19.311534881591797,1732800
2023-01-03,19.440000534057617,19.850000381469727,19.34000015258789,19.6299991607666,19.61124610900879,1503600
2023-01-04,19.90999984741211,20.485000610351562,19.850000381469727,20.3700008392334,20.350542068481445,1526800
2023-01-05,20.280000686645508,20.309999465942383,19.78499984741211,19.959999084472656,19.94093132019043,1606700
2023-01-06,20.34000015258789,20.93000030517578,20.260000228881836,20.8700008392334,20.85006332397461,1408300
2023-01-09,21.0,21.520000457763672,20.829999923706055,21.290000915527344,21.269662857055664,1210200
2023-01-10,21.209999084472656,21.665000915527344,21.125,21.56999969482422,21.549394607543945,916800
2023-01-11,21.729999542236328,21.739999771118164,21.469999313354492,21.600000381469727,21.57936668395996,619700
2023-01-12,21.68000030517578,21.889999389648438,21.5,21.8700008392334,21.849109649658203,921000
2023-01-13,21.6299991607666,21.93000030517578,21.565000534057617,21.860000610351562,21.83911895751953,1768700
2023-01-17,21.799999237060547,21.889999389648438,21.43000030517578,21.520000457763672,21.49944305419922,758100
2023-01-18,21.6299991607666,21.825000762939453,21.44499969482422,21.559999465942383,21.539403915405273,883800
2023-01-19,21.299999237060547,21.34000015258789,21.024999618530273,21.1299991607666,21.109813690185547,614400
2023-01-20,21.239999771118164,21.68000030517578,20.979999542236328,21.6299991607666,21.609336853027344,449400
2023-01-23,21.81999969482422,22.170000076293945,21.760000228881836,22.06999969482422,22.04891586303711,592200
2023-01-24,21.739999771118164,22.1299991607666,21.739999771118164,21.809999465942383,21.789165496826172,498700
2023-01-25,21.530000686645508,21.8700008392334,21.440000534057617,21.790000915527344,21.76918601989746,560500
2023-01-26,22.0,22.100000381469727,21.594999313354492,22.0,21.97898292541504,648400
2023-01-27,21.850000381469727,22.399999618530273,21.84000015258789,22.350000381469727,22.328649520874023,869800
2023-01-30,22.049999237060547,22.540000915527344,22.049999237060547,22.489999771118164,22.468515396118164,983500
2023-01-31,22.600000381469727,23.030000686645508,22.3799991607666,23.030000686645508,23.00800132751465,1177000
2023-02-01,22.93000030517578,23.719999313354492,22.68000030517578,23.56999969482422,23.547483444213867,1366300
2023-02-02,23.84000015258789,24.385000228881836,23.799999237060547,24.139999389648438,24.116939544677734,931400
2023-02-03,23.799999237060547,24.219999313354492,23.68000030517578,23.860000610351562,23.837207794189453,648300
2023-02-06,23.549999237060547,23.639999389648438,23.329999923706055,23.489999771118164,23.467559814453125,569800
2023-02-07,23.360000610351562,23.690000534057617,23.15999984741211,23.649999618530273,23.62740707397461,452100
2023-02-08,23.3799991607666,23.530000686645508,23.229999542236328,23.420000076293945,23.397626876831055,492000
2023-02-09,23.649999618530273,23.700000762939453,22.989999771118164,23.110000610351562,23.08792495727539,854500
2023-02-10,22.809999465942383,23.149999618530273,22.809999465942383,23.139999389648438,23.11789321899414,540400
2023-02-13,23.139999389648438,23.459999084472656,22.90999984741211,23.420000076293945,23.397626876831055,671900
2023-02-14,23.280000686645508,23.69499969482422,23.09000015258789,23.479999542236328,23.457569122314453,724900
2023-02-15,23.209999084472656,23.84000015258789,23.1299991607666,23.790000915527344,23.767274856567383,1107300
2023-02-16,24.5,26.3799991607666,24.25,26.079999923706055,26.055086135864258,2082300
2023-02-17,25.850000381469727,26.170000076293945,25.540000915527344,26.1200008392334,26.095048904418945,1105300
2023-02-21,25.81999969482422,26.09000015258789,25.31999969482422,25.520000457763672,25.495620727539062,1033100
2023-02-22,25.540000915527344,25.84000015258789,25.43000030517578,25.68000030517578,25.655467987060547,1238000
2023-02-23,25.799999237060547,25.90999984741211,25.350000381469727,25.860000610351562,25.835296630859375,1083900
2023-02-24,25.540000915527344,26.0049991607666,25.059999465942383,25.90999984741211,25.8852481842041,882600
2023-02-27,26.260000228881836,26.320999145507812,25.7450008392334,25.979999542236328,25.955181121826172,1050800
2023-02-28,25.940000534057617,26.479999542236328,25.940000534057617,26.170000076293945,26.145000457763672,1884800
2023-03-01,26.09000015258789,26.760000228881836,25.959999084472656,26.719999313354492,26.719999313354492,830000
2023-03-02,26.530000686645508,26.920000076293945,26.514999389648438,26.899999618530273,26.899999618530273,823300
2023-03-03,26.979999542236328,27.559999465942383,26.81999969482422,27.510000228881836,27.510000228881836,1290200
2023-03-06,27.5,27.700000762939453,27.145000457763672,27.200000762939453,27.200000762939453,1392200
2023-03-07,27.1299991607666,27.415000915527344,26.649999618530273,26.75,26.75,1316100
2023-03-08,26.899999618530273,27.094999313354492,26.709999084472656,27.020000457763672,27.020000457763672,1089800
2023-03-09,27.030000686645508,27.260000228881836,26.540000915527344,26.600000381469727,26.600000381469727,879300
2023-03-10,26.579999923706055,26.579999923706055,25.479999542236328,25.649999618530273,25.649999618530273,881300
